id,name,details,category,created_at
1068dd5e-865c-4f4d-af92-8fb7d3a00b3a,Atorvastatin 10mg,Details for Atorvastatin 10mg,medicine,2026-03-31T23:46:40.129Z
22fa3081-f12d-4339-b7ad-7d4c7a37ab81,Atorvastatin 10mg,Details for Atorvastatin 10mg,medicine,2026-03-31T23:46:40.129Z
27d7cd5d-9d2e-4c48-83b5-bf16202c1563,Atorvastatin 10mg,Details for Atorvastatin 10mg,medicine,2026-03-31T23:46:40.129Z
2849381a-b12f-45cf-a1b9-ff9381fb0d43,Atorvastatin 10mg,Details for Atorvastatin 10mg,medicine,2026-03-31T23:46:40.129Z
2a8ed994-41ca-4a68-b835-aa7e3397d34d,Atorvastatin 10mg,Details for Atorvastatin 10mg,medicine,2026-03-31T23:46:40.129Z
2b9cf7f7-7d7e-4983-bb7a-f296f7ebf54c,Atorvastatin 10mg,Details for Atorvastatin 10mg,medicine,2026-03-31T23:46:40.129Z
328c63d5-7e88-4a6e-abf9-31f6df3c1e2c,Atorvastatin 10mg,Details for Atorvastatin 10mg,medicine,2026-03-31T23:46:40.129Z
36295d45-a61f-4f45-8e54-023c070cf131,Atorvastatin 10mg,Details for Atorvastatin 10mg,medicine,2026-03-31T23:46:40.129Z
3ba67f8c-39c4-40e2-8c0d-f9f2284e0d82,Atorvastatin 10mg,Details for Atorvastatin 10mg,medicine,2026-03-31T23:46:40.129Z
3c1fac87-702e-4f0e-9e04-3d9c31e4d796,Atorvastatin 10mg,Details for Atorvastatin 10mg,medicine,2026-03-31T23:46:40.129Z
3e28b3c0-689c-446b-80d3-7c5b11b33473,Atorvastatin 10mg,Details for Atorvastatin 10mg,medicine,2026-03-31T23:46:40.129Z
3e6a7bdd-4f21-4a18-b0f0-d1c41edbb21c,Atorvastatin 10mg,Details for Atorvastatin 10mg,medicine,2026-03-31T23:46:40.129Z
3eebab33-3cb4-4316-afb4-18ba3275ef1b,Atorvastatin 10mg,Details for Atorvastatin 10mg,medicine,2026-03-31T23:46:40.129Z
3f9eab84-4566-4af6-b469-ff92153860a4,Atorvastatin 10mg,Details for Atorvastatin 10mg,medicine,2026-03-31T23:46:40.129Z
4092a3b8-7ae7-4543-b3a3-101ceda5719d,Atorvastatin 10mg,Details for Atorvastatin 10mg,medicine,2026-03-31T23:46:40.129Z
41482e51-221a-4d9d-bcb0-2ee0fa6ff749,Atorvastatin 10mg,Details for Atorvastatin 10mg,medicine,2026-03-31T23:46:40.129Z
420183ef-c5fa-4e00-806e-411aed1ffcda,Atorvastatin 10mg,Details for Atorvastatin 10mg,medicine,2026-03-31T23:46:40.129Z
47ba617b-c099-4f1b-8e2a-d04ffa4cd76f,Atorvastatin 10mg,Details for Atorvastatin 10mg,medicine,2026-03-31T23:46:40.129Z
5055407a-c9b9-4124-8165-42bfe3d8f9af,Atorvastatin 10mg,Details for Atorvastatin 10mg,medicine,2026-03-31T23:46:40.129Z
5b8f1bd8-af63-4588-a49a-76bfc7f2c74a,Atorvastatin 10mg,Details for Atorvastatin 10mg,medicine,2026-03-31T23:46:40.129Z
5ee7dcce-d77c-40b5-9186-eadc79d981c6,Atorvastatin 10mg,Details for Atorvastatin 10mg,medicine,2026-03-31T23:46:40.129Z
791273cf-4c0b-460d-b636-cae150856715,Atorvastatin 10mg,Details for Atorvastatin 10mg,medicine,2026-03-31T23:46:40.129Z
7d355af4-220d-486b-b42f-9c2836c6f307,Atorvastatin 10mg,Details for Atorvastatin 10mg,medicine,2026-03-31T23:46:40.129Z
808c166e-4179-4e3e-8f9d-26087bd23396,Atorvastatin 10mg,Details for Atorvastatin 10mg,medicine,2026-03-31T23:46:40.129Z
861e8e23-5464-49f9-bd73-52d3abdc9841,Atorvastatin 10mg,Details for Atorvastatin 10mg,medicine,2026-03-31T23:46:40.129Z
98c49fd3-a1de-4a85-b933-d3ae678cf9e5,Atorvastatin 10mg,Details for Atorvastatin 10mg,medicine,2026-03-31T23:46:40.129Z
9cfef5ef-268b-45be-87b3-e6d31dd5a438,Atorvastatin 10mg,Details for Atorvastatin 10mg,medicine,2026-03-31T23:46:40.129Z
9d86e2eb-1ba6-4a2a-80cc-57e2519bbd71,Atorvastatin 10mg,Details for Atorvastatin 10mg,medicine,2026-03-31T23:46:40.129Z
a52c9233-836e-4429-94ee-640460a33006,Atorvastatin 10mg,Details for Atorvastatin 10mg,medicine,2026-03-31T23:46:40.129Z
ae356331-b71d-41c6-a501-d596f86c8ea7,Atorvastatin 10mg,Details for Atorvastatin 10mg,medicine,2026-03-31T23:46:40.129Z
b2c31f43-3576-4904-8901-caad26d43d41,Atorvastatin 10mg,Details for Atorvastatin 10mg,medicine,2026-03-31T23:46:40.129Z
b8724794-496b-4fc0-9a3e-c1ee35cc1af7,Atorvastatin 10mg,Details for Atorvastatin 10mg,medicine,2026-03-31T23:46:40.129Z
b8957407-ad25-4eef-9586-ef00d0f71e2f,Atorvastatin 10mg,Details for Atorvastatin 10mg,medicine,2026-03-31T23:46:40.129Z
b9640797-415f-4309-997b-372bb6e638f0,Atorvastatin 10mg,Details for Atorvastatin 10mg,medicine,2026-03-31T23:46:40.129Z
be0a38bb-04a5-4778-a679-32478e923a46,Atorvastatin 10mg,Details for Atorvastatin 10mg,medicine,2026-03-31T23:46:40.129Z
c2746acf-7080-4815-8c4e-c64f2d93f169,Atorvastatin 10mg,Details for Atorvastatin 10mg,medicine,2026-03-31T23:46:40.129Z
c6e3ad50-d1e9-4844-af6f-f246cd6cb52a,Atorvastatin 10mg,Details for Atorvastatin 10mg,medicine,2026-03-31T23:46:40.129Z
c834e30b-38a1-49a3-a253-aba6ca551768,Atorvastatin 10mg,Details for Atorvastatin 10mg,medicine,2026-03-31T23:46:40.129Z
c8a0e5c8-aa53-4945-811b-ad48bf9eec7e,Atorvastatin 10mg,Details for Atorvastatin 10mg,medicine,2026-03-31T23:46:40.129Z
cac020ad-9881-45df-b04e-ab80fa0d3c1e,Atorvastatin 10mg,Details for Atorvastatin 10mg,medicine,2026-03-31T23:46:40.129Z
ceeff573-c75c-4611-a644-f725dd4890e8,Atorvastatin 10mg,Details for Atorvastatin 10mg,medicine,2026-03-31T23:46:40.129Z
d57d10c1-e466-4fe0-8128-a643681a4221,Atorvastatin 10mg,Details for Atorvastatin 10mg,medicine,2026-03-31T23:46:40.129Z
e38eebce-4266-4589-bfd2-4b351087469e,Atorvastatin 10mg,Details for Atorvastatin 10mg,medicine,2026-03-31T23:46:40.129Z
e519dc89-7ece-4064-88fc-8acddf823456,Atorvastatin 10mg,Details for Atorvastatin 10mg,medicine,2026-03-31T23:46:40.129Z
e839d8a8-74df-43f7-b372-dbdc935f02f4,Atorvastatin 10mg,Details for Atorvastatin 10mg,medicine,2026-03-31T23:46:40.129Z
eb354d26-653d-4454-a174-f227d793c377,Atorvastatin 10mg,Details for Atorvastatin 10mg,medicine,2026-03-31T23:46:40.129Z
f1fc63a6-75e4-46db-896c-4fff72e67471,Atorvastatin 10mg,Details for Atorvastatin 10mg,medicine,2026-03-31T23:46:40.129Z
f6c3c025-df89-42e9-b505-e8582ffb7493,Atorvastatin 10mg,Details for Atorvastatin 10mg,medicine,2026-03-31T23:46:40.129Z
f9c842bb-5527-48b5-9237-0fc7daab73cb,Atorvastatin 10mg,Details for Atorvastatin 10mg,medicine,2026-03-31T23:46:40.129Z
fe5c3943-d47c-47c3-a935-286f04507048,Atorvastatin 10mg,Details for Atorvastatin 10mg,medicine,2026-03-31T23:46:40.129Z
c2222222-2222-4222-8222-222222222202,CBC (Complete Blood Count),21 parameters · home collection,diagnostic,2026-03-31T23:46:39.804Z
040c5bc3-4784-4883-80d6-feaa5c09169e,CBC Test,Details for CBC Test,diagnostic,2026-03-31T23:46:40.129Z
09be6b14-5a72-418b-9e1b-6aa05c0c6eda,CBC Test,Details for CBC Test,diagnostic,2026-03-31T23:46:40.129Z
0c19bfaf-ac6f-46e6-a8e1-85f6acfa2aa7,CBC Test,Details for CBC Test,diagnostic,2026-03-31T23:46:40.129Z
0f9d4d1c-7830-4798-9515-d84597bce297,CBC Test,Details for CBC Test,diagnostic,2026-03-31T23:46:40.129Z
23e5f675-4e29-47af-bf31-436fc5819323,CBC Test,Details for CBC Test,diagnostic,2026-03-31T23:46:40.129Z
24353159-f783-4406-8aad-5a09b7b17565,CBC Test,Details for CBC Test,diagnostic,2026-03-31T23:46:40.129Z
29e6c951-6347-4ef1-b88f-6f262c771672,CBC Test,Details for CBC Test,diagnostic,2026-03-31T23:46:40.129Z
3690217e-38eb-45a6-b5d7-a1c331e83939,CBC Test,Details for CBC Test,diagnostic,2026-03-31T23:46:40.129Z
397f5d38-e0e9-4f86-8fd8-0d954fd2e368,CBC Test,Details for CBC Test,diagnostic,2026-03-31T23:46:40.129Z
3bc7ceaa-db53-4831-b049-82d3fe474c80,CBC Test,Details for CBC Test,diagnostic,2026-03-31T23:46:40.129Z
4867aaa3-4542-4dd5-9c3e-002e43c57518,CBC Test,Details for CBC Test,diagnostic,2026-03-31T23:46:40.129Z
4c1d6975-feb6-4530-b287-ed1795602227,CBC Test,Details for CBC Test,diagnostic,2026-03-31T23:46:40.129Z
51655cac-26b3-4ff9-b710-580d51801800,CBC Test,Details for CBC Test,diagnostic,2026-03-31T23:46:40.129Z
6338f439-2e6b-48c2-878e-05a780b55c98,CBC Test,Details for CBC Test,diagnostic,2026-03-31T23:46:40.129Z
6601e232-df07-44aa-8ac9-ee6a180043ff,CBC Test,Details for CBC Test,diagnostic,2026-03-31T23:46:40.129Z
69f32706-d8a3-4c28-b072-f150724e4ab4,CBC Test,Details for CBC Test,diagnostic,2026-03-31T23:46:40.129Z
6a0b4537-310b-4294-9ecd-36556ee0db95,CBC Test,Details for CBC Test,diagnostic,2026-03-31T23:46:40.129Z
6d2c4907-a11a-4e82-a27d-7334cbc2f740,CBC Test,Details for CBC Test,diagnostic,2026-03-31T23:46:40.129Z
72a8e381-3c9f-4d4f-97d1-d016a5c3a04e,CBC Test,Details for CBC Test,diagnostic,2026-03-31T23:46:40.129Z
72a90422-b9f8-4f22-b784-f4576f4a71f3,CBC Test,Details for CBC Test,diagnostic,2026-03-31T23:46:40.129Z
75658284-ef2c-49b9-a02a-9640e5656cd8,CBC Test,Details for CBC Test,diagnostic,2026-03-31T23:46:40.129Z
8dcc9a31-7fb0-4ec6-a3a1-e1ad06832368,CBC Test,Details for CBC Test,diagnostic,2026-03-31T23:46:40.129Z
a219b4a9-a041-4b31-9a4c-68b31d4d765b,CBC Test,Details for CBC Test,diagnostic,2026-03-31T23:46:40.129Z
ac392716-e973-423d-a325-24941e309c36,CBC Test,Details for CBC Test,diagnostic,2026-03-31T23:46:40.129Z
b0454ab3-fe25-4773-a36a-f9d45ff52a4e,CBC Test,Details for CBC Test,diagnostic,2026-03-31T23:46:40.129Z
b52eac36-82f6-4e52-a7a6-1c6a02e8558a,CBC Test,Details for CBC Test,diagnostic,2026-03-31T23:46:40.129Z
b8004b0e-2736-40c5-a78f-fb8997012a51,CBC Test,Details for CBC Test,diagnostic,2026-03-31T23:46:40.129Z
bd2a31a0-50bf-4cba-890d-089832965a08,CBC Test,Details for CBC Test,diagnostic,2026-03-31T23:46:40.129Z
c2e128ae-aa95-4561-9981-88de96cb107c,CBC Test,Details for CBC Test,diagnostic,2026-03-31T23:46:40.129Z
cc2950fe-5706-4f92-bffe-c907073354cb,CBC Test,Details for CBC Test,diagnostic,2026-03-31T23:46:40.129Z
dbb87303-bba1-4382-9dcd-f38553cea807,CBC Test,Details for CBC Test,diagnostic,2026-03-31T23:46:40.129Z
ddf32c6e-6505-46bb-90eb-1d8325ff3c82,CBC Test,Details for CBC Test,diagnostic,2026-03-31T23:46:40.129Z
e046bbe2-0a31-48db-8494-0ef58b902c68,CBC Test,Details for CBC Test,diagnostic,2026-03-31T23:46:40.129Z
c2222222-2222-4222-8222-222222222203,Lipid Profile,8 tests · fasting advised,diagnostic,2026-03-31T23:46:39.804Z
c2222222-2222-4222-8222-222222222201,Metformin 500 mg — strip of 10,Antidiabetic · schedule H,medicine,2026-03-31T23:46:39.804Z
05a41de2-0754-416a-869b-fbee186406ba,Metformin 500mg,Details for Metformin 500mg,medicine,2026-03-31T23:46:40.129Z
083b45f2-3833-4485-8fee-08e326dd470f,Metformin 500mg,Details for Metformin 500mg,medicine,2026-03-31T23:46:40.129Z
17c15e18-1a5d-4ce0-afd8-9bf3ccb729f8,Metformin 500mg,Details for Metformin 500mg,medicine,2026-03-31T23:46:40.129Z
1ab7fb81-78df-4dd7-85fe-91151495ffe9,Metformin 500mg,Details for Metformin 500mg,medicine,2026-03-31T23:46:40.129Z
208f2aed-5517-431f-9fdf-56161c06b4b1,Metformin 500mg,Details for Metformin 500mg,medicine,2026-03-31T23:46:40.129Z
2b9216fa-43a9-490b-a53f-98043e67f153,Metformin 500mg,Details for Metformin 500mg,medicine,2026-03-31T23:46:40.129Z
3025f17f-5fb2-4ae2-910c-c4688a9a70fd,Metformin 500mg,Details for Metformin 500mg,medicine,2026-03-31T23:46:40.129Z
32d66e02-6861-4121-8e1f-9e42a4cfc797,Metformin 500mg,Details for Metformin 500mg,medicine,2026-03-31T23:46:40.129Z
36d9b8ac-1f4c-4434-bed7-bfe5c82c8f57,Metformin 500mg,Details for Metformin 500mg,medicine,2026-03-31T23:46:40.129Z
3765d906-08c1-482b-9543-66024f840ce9,Metformin 500mg,Details for Metformin 500mg,medicine,2026-03-31T23:46:40.129Z
3f4ee515-efa5-47e2-a51a-26a468452ee6,Metformin 500mg,Details for Metformin 500mg,medicine,2026-03-31T23:46:40.129Z
43419d31-2d89-43f8-abd3-aeca708ab08a,Metformin 500mg,Details for Metformin 500mg,medicine,2026-03-31T23:46:40.129Z
4b53a355-43a4-4407-a0ae-ea0db8946d6f,Metformin 500mg,Details for Metformin 500mg,medicine,2026-03-31T23:46:40.129Z
4e6559c7-8a79-4e95-acfd-703b06e8b1c0,Metformin 500mg,Details for Metformin 500mg,medicine,2026-03-31T23:46:40.129Z
57cd9569-f89d-4a99-9f30-93fa0d3b8d51,Metformin 500mg,Details for Metformin 500mg,medicine,2026-03-31T23:46:40.129Z
585015f1-5091-4aef-92bc-e2c27b219c6a,Metformin 500mg,Details for Metformin 500mg,medicine,2026-03-31T23:46:40.129Z
5ead5382-36cb-4d13-9dfd-d42584b2a819,Metformin 500mg,Details for Metformin 500mg,medicine,2026-03-31T23:46:40.129Z
67153397-19bf-4488-aa38-f0e5ecd75ae7,Metformin 500mg,Details for Metformin 500mg,medicine,2026-03-31T23:46:40.129Z
67518095-b5b5-4e50-8a74-089310d35981,Metformin 500mg,Details for Metformin 500mg,medicine,2026-03-31T23:46:40.129Z
6bd5eb4a-3620-4b5b-934d-c80216513758,Metformin 500mg,Details for Metformin 500mg,medicine,2026-03-31T23:46:40.129Z
6ef3d5a8-1978-45c4-adb4-9a9b9d82e0f2,Metformin 500mg,Details for Metformin 500mg,medicine,2026-03-31T23:46:40.129Z
7619a521-c594-4509-ab4b-1875ce20e10a,Metformin 500mg,Details for Metformin 500mg,medicine,2026-03-31T23:46:40.129Z
7dc0a8a7-e184-407c-92c9-3b66c5388314,Metformin 500mg,Details for Metformin 500mg,medicine,2026-03-31T23:46:40.129Z
80b13fa7-a491-4bb1-9795-fe539149e660,Metformin 500mg,Details for Metformin 500mg,medicine,2026-03-31T23:46:40.129Z
9343768e-3944-4f1b-a12f-802b1a238509,Metformin 500mg,Details for Metformin 500mg,medicine,2026-03-31T23:46:40.129Z
a0519488-5e99-4c3d-a34d-59900b54d58b,Metformin 500mg,Details for Metformin 500mg,medicine,2026-03-31T23:46:40.129Z
a5bb1aa4-7ab2-43c5-a44e-017adb8f4721,Metformin 500mg,Details for Metformin 500mg,medicine,2026-03-31T23:46:40.129Z
b55acc5f-4ad3-4b08-81fb-4081d14a83ad,Metformin 500mg,Details for Metformin 500mg,medicine,2026-03-31T23:46:40.129Z
b8a344e8-31b6-4568-b1ca-696d4c18c400,Metformin 500mg,Details for Metformin 500mg,medicine,2026-03-31T23:46:40.129Z
b8cede42-ec0e-4e2f-a3ab-77717689a15d,Metformin 500mg,Details for Metformin 500mg,medicine,2026-03-31T23:46:40.129Z
bbc59f7b-ebcc-47ec-9d7f-a49ba7bbf481,Metformin 500mg,Details for Metformin 500mg,medicine,2026-03-31T23:46:40.129Z
bcfbb726-f2a3-4734-8390-7d0e6262726f,Metformin 500mg,Details for Metformin 500mg,medicine,2026-03-31T23:46:40.129Z
bee33072-bf1f-461f-aa6a-eeba74e7a411,Metformin 500mg,Details for Metformin 500mg,medicine,2026-03-31T23:46:40.129Z
c134a6e1-8386-476a-917e-8e02eb830f54,Metformin 500mg,Details for Metformin 500mg,medicine,2026-03-31T23:46:40.129Z
c238c50e-ae28-46ae-b7c7-243a5e72bef4,Metformin 500mg,Details for Metformin 500mg,medicine,2026-03-31T23:46:40.129Z
d244ec4f-4b78-42bd-99f9-44a59bdb38ea,Metformin 500mg,Details for Metformin 500mg,medicine,2026-03-31T23:46:40.129Z
d69644f3-ee0b-4182-a748-9169f0d598d1,Metformin 500mg,Details for Metformin 500mg,medicine,2026-03-31T23:46:40.129Z
ef075dd0-e0ea-4c57-a6d7-2822fb311882,Metformin 500mg,Details for Metformin 500mg,medicine,2026-03-31T23:46:40.129Z
fa376211-456f-4a9e-ad46-a40134a2461e,Metformin 500mg,Details for Metformin 500mg,medicine,2026-03-31T23:46:40.129Z
fe8142dd-a403-4def-923f-300702df6c7f,Metformin 500mg,Details for Metformin 500mg,medicine,2026-03-31T23:46:40.129Z
08832752-8515-4a67-8d2d-d85c41200d86,Paracetamol 650mg,Details for Paracetamol 650mg,medicine,2026-03-31T23:46:40.129Z
0b6f5979-bbbf-41c8-98f5-c2c33ef27305,Paracetamol 650mg,Details for Paracetamol 650mg,medicine,2026-03-31T23:46:40.129Z
0be20826-4508-4289-bbe3-6e8ea40d319f,Paracetamol 650mg,Details for Paracetamol 650mg,medicine,2026-03-31T23:46:40.129Z
0ecd479b-e55e-43bb-92f2-3a7faca2711a,Paracetamol 650mg,Details for Paracetamol 650mg,medicine,2026-03-31T23:46:40.129Z
1f136305-c1ae-4363-9e0e-7d0969dd14b5,Paracetamol 650mg,Details for Paracetamol 650mg,medicine,2026-03-31T23:46:40.129Z
3160a736-ae4d-42c3-b5ae-81315fb1b51d,Paracetamol 650mg,Details for Paracetamol 650mg,medicine,2026-03-31T23:46:40.129Z
42e3198d-91a6-424c-a63f-dd88adb05396,Paracetamol 650mg,Details for Paracetamol 650mg,medicine,2026-03-31T23:46:40.129Z
434a853a-adc5-4eb6-9b44-95018eab1abf,Paracetamol 650mg,Details for Paracetamol 650mg,medicine,2026-03-31T23:46:40.129Z
4e3aec72-08a2-4fbe-b8e2-006dc47499db,Paracetamol 650mg,Details for Paracetamol 650mg,medicine,2026-03-31T23:46:40.129Z
5402f03e-c709-45c6-9dc9-66bad26bbe0c,Paracetamol 650mg,Details for Paracetamol 650mg,medicine,2026-03-31T23:46:40.129Z
54296a36-886a-49ad-82e5-49dd4626acb0,Paracetamol 650mg,Details for Paracetamol 650mg,medicine,2026-03-31T23:46:40.129Z
57f88d3f-7aa5-454a-8b74-0b33b8609c29,Paracetamol 650mg,Details for Paracetamol 650mg,medicine,2026-03-31T23:46:40.129Z
62f169da-50ce-40ca-b01c-1319524896c3,Paracetamol 650mg,Details for Paracetamol 650mg,medicine,2026-03-31T23:46:40.129Z
68ab0ff7-df86-433a-90c5-36ae2ccf18f8,Paracetamol 650mg,Details for Paracetamol 650mg,medicine,2026-03-31T23:46:40.129Z
6d53b373-98a4-4ad7-8815-9f47d5ca7ee8,Paracetamol 650mg,Details for Paracetamol 650mg,medicine,2026-03-31T23:46:40.129Z
75b59488-9647-4c58-b775-dea8dd92b829,Paracetamol 650mg,Details for Paracetamol 650mg,medicine,2026-03-31T23:46:40.129Z
7b498ccb-b245-4ac5-bd42-8351a5420842,Paracetamol 650mg,Details for Paracetamol 650mg,medicine,2026-03-31T23:46:40.129Z
842df264-aebc-4b7f-bd4c-75531681deb5,Paracetamol 650mg,Details for Paracetamol 650mg,medicine,2026-03-31T23:46:40.129Z
8abcb1a6-2ab8-439e-9d71-6b966f7b581d,Paracetamol 650mg,Details for Paracetamol 650mg,medicine,2026-03-31T23:46:40.129Z
ab25256e-88cf-4ff7-bd61-edda8007d71a,Paracetamol 650mg,Details for Paracetamol 650mg,medicine,2026-03-31T23:46:40.129Z
bb168c21-7ca2-4ec9-81b2-b0bb5219da4a,Paracetamol 650mg,Details for Paracetamol 650mg,medicine,2026-03-31T23:46:40.129Z
bed1b4ba-9438-404d-b4f9-f0145db4d9b2,Paracetamol 650mg,Details for Paracetamol 650mg,medicine,2026-03-31T23:46:40.129Z
c030b767-d772-4d21-9314-b2b41bd31fb4,Paracetamol 650mg,Details for Paracetamol 650mg,medicine,2026-03-31T23:46:40.129Z
c44abe5f-714b-4ea7-9468-8bee0a4b2225,Paracetamol 650mg,Details for Paracetamol 650mg,medicine,2026-03-31T23:46:40.129Z
c74ede7c-5a0f-42d5-8b4a-063a76c28311,Paracetamol 650mg,Details for Paracetamol 650mg,medicine,2026-03-31T23:46:40.129Z
c8cc704d-0695-492a-996c-015c8bcdd222,Paracetamol 650mg,Details for Paracetamol 650mg,medicine,2026-03-31T23:46:40.129Z
d7d2dd80-3225-4b5b-8aeb-ff667f6d4605,Paracetamol 650mg,Details for Paracetamol 650mg,medicine,2026-03-31T23:46:40.129Z
d86600f6-1694-4a29-b996-96fc1c435e3a,Paracetamol 650mg,Details for Paracetamol 650mg,medicine,2026-03-31T23:46:40.129Z
e62a9c3f-5404-4881-ba83-28bdaaefe876,Paracetamol 650mg,Details for Paracetamol 650mg,medicine,2026-03-31T23:46:40.129Z
e9eed37d-ac1b-4227-879d-8b07fa88ce44,Paracetamol 650mg,Details for Paracetamol 650mg,medicine,2026-03-31T23:46:40.129Z
ed99fdb8-cf67-4a0e-bc38-0b5cf8ede2eb,Paracetamol 650mg,Details for Paracetamol 650mg,medicine,2026-03-31T23:46:40.129Z
f0563405-8357-41b7-9698-bde549a0a05b,Paracetamol 650mg,Details for Paracetamol 650mg,medicine,2026-03-31T23:46:40.129Z
f37cf56b-8cbb-4db7-8128-59332b148a45,Paracetamol 650mg,Details for Paracetamol 650mg,medicine,2026-03-31T23:46:40.129Z
f4fa86ae-5fc8-4dbc-a64b-4530ece77f01,Paracetamol 650mg,Details for Paracetamol 650mg,medicine,2026-03-31T23:46:40.129Z
02f4dbcb-0db3-486f-8ccc-7fb145517737,Thyroid Test,Details for Thyroid Test,diagnostic,2026-03-31T23:46:40.129Z
12e43c74-d4d9-4557-aa11-7c8fb038a165,Thyroid Test,Details for Thyroid Test,diagnostic,2026-03-31T23:46:40.129Z
16238545-e9fe-43fd-93bf-fcd2a5c49dad,Thyroid Test,Details for Thyroid Test,diagnostic,2026-03-31T23:46:40.129Z
1cf15db8-0a20-4147-aaf5-22a84954f8d0,Thyroid Test,Details for Thyroid Test,diagnostic,2026-03-31T23:46:40.129Z
209a4a6f-6a0b-4b68-bb55-48cbb4422f00,Thyroid Test,Details for Thyroid Test,diagnostic,2026-03-31T23:46:40.129Z
284a709a-9f6d-4c88-91ee-19476520d52f,Thyroid Test,Details for Thyroid Test,diagnostic,2026-03-31T23:46:40.129Z
2d649ae9-e76e-4766-b215-77112f18cbb1,Thyroid Test,Details for Thyroid Test,diagnostic,2026-03-31T23:46:40.129Z
2dc91b90-b506-449e-be69-380a89bfe6f6,Thyroid Test,Details for Thyroid Test,diagnostic,2026-03-31T23:46:40.129Z
3084fbf3-6675-49e0-802b-860f09c9cd9b,Thyroid Test,Details for Thyroid Test,diagnostic,2026-03-31T23:46:40.129Z
31187929-3e9d-41b0-8e7f-881b3fb6a7de,Thyroid Test,Details for Thyroid Test,diagnostic,2026-03-31T23:46:40.129Z
32a7def2-07cf-4fc3-918a-d7dae66b3ee3,Thyroid Test,Details for Thyroid Test,diagnostic,2026-03-31T23:46:40.129Z
32c262a5-28c9-40e4-a302-defc3e8d750c,Thyroid Test,Details for Thyroid Test,diagnostic,2026-03-31T23:46:40.129Z
36e55fb5-f81a-4b97-b69f-48665185a413,Thyroid Test,Details for Thyroid Test,diagnostic,2026-03-31T23:46:40.129Z
4694e405-a1f4-4096-b913-9681c7b11a49,Thyroid Test,Details for Thyroid Test,diagnostic,2026-03-31T23:46:40.129Z
4cdb9879-baa6-4a5c-a057-a889b29b98a6,Thyroid Test,Details for Thyroid Test,diagnostic,2026-03-31T23:46:40.129Z
4db5f081-e3e1-4eed-a0f6-de9f71f78bde,Thyroid Test,Details for Thyroid Test,diagnostic,2026-03-31T23:46:40.129Z
4dbdc63c-477e-4512-9e36-968baf8ddb19,Thyroid Test,Details for Thyroid Test,diagnostic,2026-03-31T23:46:40.129Z
5779a31f-3028-41c0-9c32-f9f2abc65361,Thyroid Test,Details for Thyroid Test,diagnostic,2026-03-31T23:46:40.129Z
65181669-e97e-4f39-ab49-9b148ed6ce21,Thyroid Test,Details for Thyroid Test,diagnostic,2026-03-31T23:46:40.129Z
6cfeb1c7-cddf-43bf-90ae-6d1b71fa4323,Thyroid Test,Details for Thyroid Test,diagnostic,2026-03-31T23:46:40.129Z
6d79684c-0f0b-480d-9e34-ad80e30bff6e,Thyroid Test,Details for Thyroid Test,diagnostic,2026-03-31T23:46:40.129Z
6f77c541-8e79-4e09-addb-6dbab59c1965,Thyroid Test,Details for Thyroid Test,diagnostic,2026-03-31T23:46:40.129Z
71c602d0-f23f-497c-8f6c-4062f2cf80b1,Thyroid Test,Details for Thyroid Test,diagnostic,2026-03-31T23:46:40.129Z
73f791fb-2df4-4733-bf7e-fb8a9ad33317,Thyroid Test,Details for Thyroid Test,diagnostic,2026-03-31T23:46:40.129Z
744f199c-43d2-41a5-89f1-b3ccdc6adde0,Thyroid Test,Details for Thyroid Test,diagnostic,2026-03-31T23:46:40.129Z
837a272c-943e-41fe-86e7-c6ab0275bcdd,Thyroid Test,Details for Thyroid Test,diagnostic,2026-03-31T23:46:40.129Z
8490d2e5-79dd-4e05-96a0-26e55863d973,Thyroid Test,Details for Thyroid Test,diagnostic,2026-03-31T23:46:40.129Z
9ab3c97c-2bb5-4ed8-a339-87f19d1a3553,Thyroid Test,Details for Thyroid Test,diagnostic,2026-03-31T23:46:40.129Z
9aec2c04-15be-4f5f-98a4-0378d1571d3c,Thyroid Test,Details for Thyroid Test,diagnostic,2026-03-31T23:46:40.129Z
9bef44e8-4b2a-4195-bcdb-665ecd247dc1,Thyroid Test,Details for Thyroid Test,diagnostic,2026-03-31T23:46:40.129Z
a27ecac9-ab0b-4650-91dc-5791c7fbaf32,Thyroid Test,Details for Thyroid Test,diagnostic,2026-03-31T23:46:40.129Z
a9c40b4b-8f49-4da8-b8b8-544de000072c,Thyroid Test,Details for Thyroid Test,diagnostic,2026-03-31T23:46:40.129Z
b699b4ac-85a2-46c5-be04-0e5410c13e0d,Thyroid Test,Details for Thyroid Test,diagnostic,2026-03-31T23:46:40.129Z
b75d7a11-25d9-4960-a221-3bf313033b59,Thyroid Test,Details for Thyroid Test,diagnostic,2026-03-31T23:46:40.129Z
bfc84592-d7e0-49bc-8837-5df99838c6e2,Thyroid Test,Details for Thyroid Test,diagnostic,2026-03-31T23:46:40.129Z
c2a579c3-5340-433e-81b3-11c50350b7f2,Thyroid Test,Details for Thyroid Test,diagnostic,2026-03-31T23:46:40.129Z
c812be85-0903-4dea-a218-194d091480dc,Thyroid Test,Details for Thyroid Test,diagnostic,2026-03-31T23:46:40.129Z
e2202525-44f7-4075-a520-915a5742b7af,Thyroid Test,Details for Thyroid Test,diagnostic,2026-03-31T23:46:40.129Z
e546d0bf-7b0e-48e2-adb2-ae717d4ffd99,Thyroid Test,Details for Thyroid Test,diagnostic,2026-03-31T23:46:40.129Z
eb6a7b4b-253c-435f-b4e9-f5bb155a96eb,Thyroid Test,Details for Thyroid Test,diagnostic,2026-03-31T23:46:40.129Z
f257e86a-5f1f-4583-8460-955f69b64b47,Thyroid Test,Details for Thyroid Test,diagnostic,2026-03-31T23:46:40.129Z
f2c168a0-181f-49bc-86a4-569d028cceea,Thyroid Test,Details for Thyroid Test,diagnostic,2026-03-31T23:46:40.129Z
f340b4c8-487f-4afe-8d8c-90732c2fdef2,Thyroid Test,Details for Thyroid Test,diagnostic,2026-03-31T23:46:40.129Z
